SITE_ID,HEIGHTC_DATE,HEIGHTC,VEG_CROP,HEIGHTC_SPATIAL_VARIABILITY,HEIGHTC_SPATIAL_REP_NUMBER
US-Br1,04/22/2010,0,soybean,NA,NA
US-Br1,05/14/2010,0.02,soybean,NA,NA
US-Br1,05/19/2010,0.03,soybean,NA,NA
US-Br1,05/25/2010,0.06,soybean,NA,NA
US-Br1,05/31/2010,0.11,soybean,NA,NA
US-Br1,06/11/2010,0.22,soybean,NA,NA
US-Br1,06/17/2010,0.2,soybean,NA,NA
US-Br1,07/28/2010,0.8063,soybean,NA,NA
US-Br1,07/29/2010,0.8,soybean,NA,NA
US-Br1,08/07/2010,0.9135,soybean,NA,NA
US-Br1,08/26/2010,0.8786,soybean,NA,NA
US-Br1,05/04/2011,0,corn,NA,NA
US-Br1,05/10/2011,0,corn,NA,NA
US-Br1,05/17/2011,0.05,corn,NA,NA
US-Br1,06/01/2011,0.1275,corn,NA,NA
US-Br1,06/07/2011,0.22,corn,NA,NA
US-Br1,06/27/2011,0.745,corn,NA,NA
US-Br1,06/29/2011,0.95,corn,NA,NA
US-Br1,08/01/2011,2.5735,corn,NA,NA
US-Br1,08/07/2011,2.635,corn,NA,NA
US-Br1,05/15/2012,0,soybean,NA,NA
US-Br1,05/27/2012,0.07,soybean,NA,NA
US-Br1,06/10/2012,0.1458,soybean,NA,NA
US-Br1,06/14/2012,0.1779,soybean,NA,NA
US-Br1,06/19/2012,0.2783,soybean,NA,NA
US-Br1,07/06/2012,0.6083,soybean,NA,NA
US-Br1,07/15/2012,0.905,soybean,NA,NA
US-Br1,07/19/2012,0.8308,soybean,NA,NA
US-Br1,07/26/2012,1.1858,soybean,NA,NA
US-Br1,08/02/2012,0.9629,soybean,NA,NA
US-Br1,05/19/2013,0,corn,NA,NA
US-Br1,06/03/2013,0.04,corn,NA,NA
US-Br1,06/13/2013,0.16,corn,NA,NA
US-Br1,06/17/2013,0.23,corn,NA,NA
US-Br1,06/28/2013,0.45,corn,NA,NA
US-Br1,07/01/2013,0.782,corn,NA,NA
US-Br1,07/03/2013,0.755,corn,NA,NA
US-Br1,07/08/2013,1.06,corn,NA,NA
US-Br1,07/12/2013,1.4867,corn,NA,NA
US-Br1,07/15/2013,1.66,corn,NA,NA
US-Br1,07/22/2013,2.07,corn,NA,NA
US-Br1,07/24/2013,2.2,corn,NA,NA
US-Br1,07/31/2013,2.5,corn,NA,NA
US-Br1,08/01/2013,2.4817,corn,NA,NA
US-Br1,08/06/2013,2.55,corn,NA,NA
US-Br1,08/19/2013,2.6055,corn,NA,NA
US-Br1,08/22/2013,2.6,corn,NA,NA
US-Br1,05/29/2014,0.0425,soybean,NA,NA
US-Br1,06/06/2014,0.1,soybean,NA,NA
US-Br1,06/11/2014,0.14,soybean,NA,NA
US-Br1,06/13/2014,0.1417,soybean,NA,NA
US-Br1,06/20/2014,0.2193,soybean,NA,NA
US-Br1,06/25/2014,0.3,soybean,NA,NA
US-Br1,06/26/2014,0.2958,soybean,NA,NA
US-Br1,07/02/2014,0.4,soybean,NA,NA
US-Br1,07/07/2014,0.425,soybean,NA,NA
US-Br1,07/10/2014,0.4786,soybean,NA,NA
US-Br1,07/16/2014,0.65,soybean,NA,NA
US-Br1,07/18/2014,0.58,soybean,NA,NA
US-Br1,07/19/2014,0.7292,soybean,NA,NA
US-Br1,07/23/2014,0.775,soybean,NA,NA
US-Br1,07/30/2014,0.8583,soybean,NA,NA
US-Br1,07/31/2014,0.8078,soybean,NA,NA
US-Br1,08/01/2014,0.73,soybean,NA,NA
US-Br1,08/05/2014,0.8,soybean,NA,NA
US-Br1,08/13/2014,0.9175,soybean,NA,NA
US-Br1,08/14/2014,0.91,soybean,NA,NA
US-Br1,08/19/2014,0.9158,soybean,NA,NA
US-Br1,08/22/2014,0.9,soybean,NA,NA
US-Br1,08/25/2014,0.9,soybean,NA,NA
US-Br1,09/02/2014,0.9264,soybean,NA,NA
US-Br1,05/12/2015,0.094,corn,NA,NA
US-Br1,05/22/2015,0.127,corn,NA,NA
US-Br1,06/01/2015,0.222,corn,NA,NA
US-Br1,06/10/2015,0.55,corn,NA,NA
US-Br1,06/19/2015,0.995,corn,NA,NA
US-Br1,06/29/2015,1.755,corn,NA,NA
US-Br1,07/03/2015,2.108,corn,NA,NA
US-Br1,07/14/2015,2.831,corn,NA,NA
US-Br1,07/23/2015,3.059,corn,NA,NA
US-Br1,07/31/2015,3.007,corn,NA,NA
US-Br1,08/03/2015,3.054,corn,NA,NA
US-Br3,04/21/2010,0,corn,NA,NA
US-Br3,05/02/2010,0.02,corn,NA,NA
US-Br3,05/14/2010,0.07,corn,NA,NA
US-Br3,05/19/2010,0.1,corn,NA,NA
US-Br3,05/25/2010,0.2,corn,NA,NA
US-Br3,05/31/2010,0.31,corn,NA,NA
US-Br3,06/11/2010,0.64,corn,NA,NA
US-Br3,06/17/2010,0.78,corn,NA,NA
US-Br3,06/29/2010,1.3,corn,NA,NA
US-Br3,07/28/2010,2.0028,corn,NA,NA
US-Br3,08/07/2010,2.16,corn,NA,NA
US-Br3,05/09/2011,0,soybean,NA,NA
US-Br3,06/01/2011,0.094,soybean,NA,NA
US-Br3,06/07/2011,0.12,soybean,NA,NA
US-Br3,06/27/2011,0.275,soybean,NA,NA
US-Br3,06/29/2011,0.33,soybean,NA,NA
US-Br3,08/01/2011,0.91,soybean,NA,NA
US-Br3,08/07/2011,0.97,soybean,NA,NA
US-Br3,08/21/2011,0.97,soybean,NA,NA
US-Br3,08/25/2011,0.97,soybean,NA,NA
US-Br3,08/31/2011,1.026,soybean,NA,NA
US-Br3,05/27/2012,0.13,corn,NA,NA
US-Br3,06/10/2012,0.4492,corn,NA,NA
US-Br3,06/14/2012,0.581,corn,NA,NA
US-Br3,06/15/2012,0.585,corn,NA,NA
US-Br3,06/19/2012,0.84,corn,NA,NA
US-Br3,07/06/2012,2.0808,corn,NA,NA
US-Br3,07/15/2012,2.7242,corn,NA,NA
US-Br3,07/25/2012,3.0178,corn,NA,NA
US-Br3,06/28/2013,0.05,soybean,NA,NA
US-Br3,07/01/2013,0.08,soybean,NA,NA
US-Br3,07/03/2013,0.1,soybean,NA,NA
US-Br3,07/08/2013,0.18,soybean,NA,NA
US-Br3,07/12/2013,0.1817,soybean,NA,NA
US-Br3,07/19/2013,0.22,soybean,NA,NA
US-Br3,07/22/2013,0.2708,soybean,NA,NA
US-Br3,07/24/2013,0.36,soybean,NA,NA
US-Br3,07/31/2013,0.48,soybean,NA,NA
US-Br3,08/01/2013,0.42,soybean,NA,NA
US-Br3,08/07/2013,0.45,soybean,NA,NA
US-Br3,08/17/2013,0.6083,soybean,NA,NA
US-Br3,08/19/2013,0.653,soybean,NA,NA
US-Br3,08/25/2013,0.74,soybean,NA,NA
US-Br3,08/29/2013,0.795,soybean,NA,NA
US-Br3,09/09/2013,0.805,soybean,NA,NA
US-Br3,09/13/2013,0.7625,soybean,NA,NA
US-Br3,09/22/2013,0.77,soybean,NA,NA
US-Br3,09/27/2013,0.7417,soybean,NA,NA
US-Br3,04/23/2014,0,corn,NA,NA
US-Br3,05/14/2014,0.05,corn,NA,NA
US-Br3,05/17/2014,0.07,corn,NA,NA
US-Br3,05/23/2014,0.065,corn,NA,NA
US-Br3,05/29/2014,0.14,corn,NA,NA
US-Br3,06/06/2014,0.55,corn,NA,NA
US-Br3,06/11/2014,0.61,corn,NA,NA
US-Br3,06/13/2014,0.5667,corn,NA,NA
US-Br3,06/20/2014,0.8357,corn,NA,NA
US-Br3,06/25/2014,1.5,corn,NA,NA
US-Br3,06/26/2014,1.2958,corn,NA,NA
US-Br3,07/02/2014,1.75,corn,NA,NA
US-Br3,07/07/2014,1.7725,corn,NA,NA
US-Br3,07/10/2014,1.9036,corn,NA,NA
US-Br3,07/16/2014,2.2125,corn,NA,NA
US-Br3,07/18/2014,2.45,corn,NA,NA
US-Br3,07/23/2014,2.5643,corn,NA,NA
US-Br3,08/01/2014,2.82,corn,NA,NA
US-Br3,08/05/2014,2.8,corn,NA,NA
US-Br3,08/14/2014,2.669,corn,NA,NA
US-Br3,08/22/2014,2.9,corn,NA,NA
US-Br3,08/25/2014,2.9,corn,NA,NA
US-Br3,09/02/2014,2.9,corn,NA,NA
US-Br3,05/22/2015,0.063,soybean,NA,NA
US-Br3,06/01/2015,0.099,soybean,NA,NA
US-Br3,06/10/2015,0.143,soybean,NA,NA
US-Br3,06/19/2015,0.204,soybean,NA,NA
US-Br3,06/29/2015,0.197,soybean,NA,NA
US-Br3,07/03/2015,0.238,soybean,NA,NA
US-Br3,07/14/2015,0.355,soybean,NA,NA
US-Br3,07/23/2015,0.455,soybean,NA,NA
US-Br3,07/31/2015,0.56,soybean,NA,NA
US-Br3,08/03/2015,0.526,soybean,NA,NA
US-Br3,08/12/2015,0.636,soybean,NA,NA
US-Br3,08/21/2015,0.738,soybean,NA,NA
US-Br3,08/26/2015,0.649,soybean,NA,NA
US-Br3,09/03/2015,0.733,soybean,NA,NA
US-Br3,09/11/2015,0.689,soybean,NA,NA
US-Br3,09/16/2015,0.634,soybean,NA,NA
US-Br3,09/27/2015,0.64,soybean,NA,NA
US-IB2,06/06/2005,0.64,prairie,NA,NA
US-IB2,06/29/2005,0.95,prairie,NA,NA
US-IB2,07/18/2005,1.02,prairie,NA,NA
US-IB2,08/09/2005,1.09,prairie,NA,NA
US-IB2,08/24/2005,1.44,prairie,NA,NA
US-IB2,09/09/2005,1.39,prairie,NA,NA
US-IB2,09/21/2005,1.36,prairie,NA,NA
US-IB2,10/14/2005,1.07,prairie,NA,NA
US-IB2,05/23/2006,0.87,prairie,NA,NA
US-IB2,06/05/2006,1.23,prairie,NA,NA
US-IB2,06/29/2006,2.15,prairie,NA,NA
US-IB2,07/17/2006,2.68,prairie,NA,NA
US-IB2,08/15/2006,2.12,prairie,NA,NA
US-IB2,09/25/2006,1.36,prairie,NA,NA
US-IB2,05/22/2007,0.33,prairie,NA,NA
US-IB2,06/06/2007,0.67,prairie,NA,NA
US-IB2,06/14/2007,0.77,prairie,NA,NA
US-IB2,07/03/2007,1.25,prairie,NA,NA
US-IB2,07/20/2007,1.49,prairie,NA,NA
US-IB2,09/05/2007,1.72,prairie,NA,NA
US-IB2,10/04/2007,1.76,prairie,NA,NA
US-IB2,11/09/2007,1.6,prairie,NA,NA
US-IB2,05/22/2008,0.54,prairie,NA,NA
US-IB2,06/11/2008,1.02,prairie,NA,NA
US-IB2,06/23/2008,1.22,prairie,NA,NA
US-IB2,07/15/2008,1.38,prairie,NA,NA
US-IB2,07/23/2008,1.41,prairie,NA,NA
US-IB2,08/07/2008,1.5,prairie,NA,NA
US-IB2,06/05/2009,0.6,prairie,NA,NA
US-IB2,06/23/2009,0.74,prairie,NA,NA
US-IB2,07/13/2009,1.07,prairie,NA,NA
US-IB2,07/29/2009,1.08,prairie,NA,NA
US-IB2,08/13/2009,1.62,prairie,NA,NA
US-IB2,09/02/2009,1.7,prairie,NA,NA
US-IB2,09/16/2009,1.54,prairie,NA,NA
US-IB2,05/19/2010,0.44,prairie,NA,NA
US-IB2,06/07/2010,1,prairie,NA,NA
US-IB2,06/25/2010,1.12,prairie,NA,NA
US-IB2,07/16/2010,1.1,prairie,NA,NA
US-IB2,08/06/2010,1.22,prairie,NA,NA
US-IB2,08/31/2010,1.2,prairie,NA,NA
US-IB2,09/28/2010,0.84,prairie,NA,NA
US-IB2,10/15/2010,0.95,prairie,NA,NA
US-IB2,05/24/2011,0.37,prairie,NA,NA
US-IB2,06/28/2011,1.05,prairie,NA,NA
US-IB2,07/14/2011,1.22,prairie,NA,NA
US-IB2,08/04/2011,1.32,prairie,NA,NA
US-IB2,08/19/2011,1.53,prairie,NA,NA
US-IB2,09/01/2011,1.52,prairie,NA,NA
US-IB2,09/20/2011,1.19,prairie,NA,NA
US-IB2,10/09/2011,1.19,prairie,NA,NA
US-IB2,10/24/2011,1.22,prairie,NA,NA
US-IB2,05/17/2012,0.5,prairie,NA,NA
US-IB2,06/05/2012,0.95,prairie,NA,NA
US-IB2,06/25/2012,1.75,prairie,NA,NA
US-IB2,07/11/2012,1.83,prairie,NA,NA
US-IB2,08/01/2012,1.42,prairie,NA,NA
US-IB2,08/17/2012,1.25,prairie,NA,NA
US-IB2,09/06/2012,1.35,prairie,NA,NA
US-IB2,09/28/2012,1.47,prairie,NA,NA
US-IB2,05/24/2013,0.35,prairie,NA,NA
US-IB2,06/07/2013,0.57,prairie,NA,NA
US-IB2,06/20/2013,0.93,prairie,NA,NA
US-IB2,07/05/2013,1.28,prairie,NA,NA
US-IB2,07/17/2013,1.02,prairie,NA,NA
US-IB2,08/01/2013,1.2,prairie,NA,NA
US-IB2,08/14/2013,1.5,prairie,NA,NA
US-IB2,08/29/2013,1.45,prairie,NA,NA
US-IB2,09/13/2013,1.61,prairie,NA,NA
US-IB2,09/26/2013,1.71,prairie,NA,NA
US-IB2,10/09/2013,1.34,prairie,NA,NA
US-IB2,10/25/2013,1.34,prairie,NA,NA
US-IB2,05/30/2014,0.68,prairie,NA,NA
US-IB2,07/03/2014,1.2,prairie,NA,NA
US-IB2,07/28/2014,1.35,prairie,NA,NA
US-IB2,08/13/2014,1.2,prairie,NA,NA
US-IB2,09/03/2014,1.1,prairie,NA,NA
US-IB2,09/19/2014,1.25,prairie,NA,NA
US-IB2,10/08/2014,1.4,prairie,NA,NA
US-IB2,10/22/2014,1.4,prairie,NA,NA
US-IB2,05/18/2015,0.4,prairie,NA,NA
US-IB2,06/02/2015,0.77,prairie,NA,NA
US-IB2,06/16/2015,0.92,prairie,NA,NA
US-IB2,07/02/2015,0.94,prairie,NA,NA
US-IB2,07/17/2015,1.05,prairie,NA,NA
US-IB2,07/30/2015,1.08,prairie,NA,NA
US-IB2,08/19/2015,1.02,prairie,NA,NA
US-IB2,09/14/2015,1.15,prairie,NA,NA
US-IB2,10/02/2015,1.3,prairie,NA,NA
US-IB2,10/14/2015,1.07,prairie,NA,NA
US-IB2,06/21/2016,0.88,prairie,NA,NA
US-IB2,07/08/2016,1.2,prairie,NA,NA
US-IB2,07/22/2016,1.25,prairie,NA,NA
US-IB2,07/09/2016,1.22,prairie,NA,NA
US-IB2,09/01/2016,1.47,prairie,NA,NA
US-IB2,09/15/2016,1.54,prairie,NA,NA
US-IB2,09/27/2016,1.68,prairie,NA,NA
US-IB2,10/14/2016,1.6,prairie,NA,NA
US-IB1,06/06/2005,0.11,soybean,NA,NA
US-IB1,06/29/2005,0.3,soybean,NA,NA
US-IB1,07/18/2005,0.52,soybean,NA,NA
US-IB1,08/09/2005,0.65,soybean,NA,NA
US-IB1,08/24/2005,0.65,soybean,NA,NA
US-IB1,09/09/2005,0.57,soybean,NA,NA
US-IB1,09/21/2005,0.52,soybean,NA,NA
US-IB1,06/05/2006,0.23,corn,NA,NA
US-IB1,06/29/2006,0.49,corn,NA,NA
US-IB1,07/17/2006,2.08,corn,NA,NA
US-IB1,08/15/2006,2.7,corn,NA,NA
US-IB1,09/25/2006,2.64,corn,NA,NA
US-IB1,07/03/2007,0.32,soybean,NA,NA
US-IB1,07/20/2007,0.62,soybean,NA,NA
US-IB1,09/05/2007,0.81,soybean,NA,NA
US-IB1,10/04/2007,0.87,soybean,NA,NA
US-IB1,06/23/2008,0.27,corn,NA,NA
US-IB1,07/15/2008,1.38,corn,NA,NA
US-IB1,07/23/2008,1.98,corn,NA,NA
US-IB1,08/07/2008,3.01,corn,NA,NA
US-IB1,06/05/2009,0.6,soybean,NA,NA
US-IB1,06/23/2009,0.58,soybean,NA,NA
US-IB1,07/13/2009,0.82,soybean,NA,NA
US-IB1,07/29/2009,1.16,soybean,NA,NA
US-IB1,08/13/2009,1.49,soybean,NA,NA
US-IB1,09/02/2009,1.54,soybean,NA,NA
US-IB1,09/16/2009,1.68,soybean,NA,NA
US-IB1,06/07/2010,0.5,corn,NA,NA
US-IB1,06/25/2010,1.2,corn,NA,NA
US-IB1,07/16/2010,2.85,corn,NA,NA
US-IB1,08/06/2010,2.88,corn,NA,NA
US-IB1,08/31/2010,2.5,corn,NA,NA
US-IB1,07/14/2011,0.37,soybean,NA,NA
US-IB1,08/04/2011,0.9,soybean,NA,NA
US-IB1,08/19/2011,1.12,soybean,NA,NA
US-IB1,09/01/2011,1.07,soybean,NA,NA
US-IB1,09/20/2011,0.99,soybean,NA,NA
US-IB1,10/09/2011,0.99,soybean,NA,NA
US-IB1,06/25/2012,0.93,corn,NA,NA
US-IB1,07/11/2012,1.68,corn,NA,NA
US-IB1,08/01/2012,2.19,corn,NA,NA
US-IB1,08/17/2012,2.7,corn,NA,NA
US-IB1,09/06/2012,2.7,corn,NA,NA
US-IB1,09/28/2012,2.7,corn,NA,NA
US-IB1,07/17/2013,0.9,corn,NA,NA
US-IB1,08/01/2013,1.8,corn,NA,NA
US-IB1,08/14/2013,2.6,corn,NA,NA
US-IB1,08/29/2013,2.82,corn,NA,NA
US-IB1,09/13/2013,2.82,corn,NA,NA
US-IB1,09/26/2013,2.82,corn,NA,NA
US-IB1,10/09/2013,2.87,corn,NA,NA
US-IB1,10/25/2013,2.88,corn,NA,NA
US-IB1,07/28/2014,0.6,soybean,NA,NA
US-IB1,08/13/2014,0.85,soybean,NA,NA
US-IB1,09/03/2014,0.81,soybean,NA,NA
US-IB1,09/19/2014,0.65,soybean,NA,NA
US-IB1,10/08/2014,0.6,soybean,NA,NA
US-IB1,07/02/2015,0.37,soybean,NA,NA
US-IB1,07/17/2015,0.64,soybean,NA,NA
US-IB1,07/30/2015,0.84,soybean,NA,NA
US-IB1,08/19/2015,0.99,soybean,NA,NA
US-IB1,09/14/2015,0.8,soybean,NA,NA
US-IB1,10/02/2015,0.82,soybean,NA,NA
US-IB1,06/21/2016,1.1,corn,NA,NA
US-IB1,07/08/2016,1.97,corn,NA,NA
US-IB1,07/22/2016,2.7,corn,NA,NA
US-IB1,07/09/2016,2.44,corn,NA,NA
US-IB1,09/01/2016,2.54,corn,NA,NA
US-IB1,09/15/2016,2.54,corn,NA,NA
US-IB1,09/27/2016,2.41,corn,NA,NA
US-Ro1,06/30/2004,0.157948718,soybean,0.020284748,39
US-Ro1,07/14/2004,0.347837838,soybean,0.031013898,37
US-Ro1,07/21/2004,0.386216216,soybean,0.042252636,37
US-Ro1,08/03/2004,0.509459459,soybean,0.032227141,37
US-Ro1,08/13/2004,0.603783784,soybean,0.032943668,37
US-Ro1,08/19/2004,0.597837838,soybean,0.039379573,37
US-Ro1,09/01/2004,0.66,soybean,0.040414519,37
US-Ro1,09/09/2004,0.605405405,soybean,0.053416321,37
US-Ro1,09/13/2004,0.584054054,soybean,0.059510011,37
US-Ro1,09/20/2004,0.538648649,soybean,0.070006435,37
US-Ro1,09/28/2004,0.508108108,soybean,0.056658717,37
US-Ro1,10/07/2004,0.520540541,soybean,0.050107991,37
US-Ro1,06/15/2005,0.497727273,corn,0.071783383,44
US-Ro1,06/20/2005,0.694772727,corn,0.087217681,44
US-Ro1,06/29/2005,1.230227273,corn,0.136338986,44
US-Ro1,07/05/2005,1.479545455,corn,0.167470297,44
US-Ro1,07/13/2005,2.008636364,corn,0.173682294,44
US-Ro1,07/18/2005,2.307727273,corn,0.206373602,44
US-Ro1,07/28/2005,2.665909091,corn,0.188732839,44
US-Ro1,08/03/2005,2.736363636,corn,0.115657353,22
US-Ro1,08/05/2005,2.665909091,corn,0.233190278,22
US-Ro1,08/09/2005,2.722727273,corn,0.190609349,44
US-Ro1,08/16/2005,2.710227273,corn,0.187573101,44
US-Ro1,06/19/2006,0.125151515,soybean,0.025387154,33
US-Ro1,06/23/2006,0.166046512,soybean,0.034992485,43
US-Ro1,06/26/2006,0.200465116,soybean,0.032656472,43
US-Ro1,07/12/2006,0.474186047,soybean,0.048167988,43
US-Ro1,07/17/2006,0.594186047,soybean,0.074201545,43
US-Ro1,07/24/2006,0.717727273,soybean,0.073194981,44
US-Ro1,08/03/2006,0.929166667,soybean,0.056802422,12
US-Ro1,08/08/2006,0.975909091,soybean,0.106734144,44
US-Ro1,08/16/2006,1.046976744,soybean,0.115810496,43
US-Ro1,08/22/2006,1.011282051,soybean,0.104104691,39
US-Ro1,08/29/2006,0.937045455,soybean,0.095979153,44
US-Ro1,05/25/2007,0.124736842,corn,0.015375804,38
US-Ro1,05/30/2007,0.164210526,corn,0.022972555,38
US-Ro1,06/06/2007,0.267105263,corn,0.034867153,38
US-Ro1,06/13/2007,0.467368421,corn,0.065085566,38
US-Ro1,06/29/2007,1.274210526,corn,0.152308925,38
US-Ro1,06/10/2008,0.045543478,soybean,0.013752909,46
US-Ro1,06/17/2008,0.070869565,soybean,0.014693322,46
US-Ro1,06/24/2008,0.120652174,soybean,0.018903518,46
US-Ro1,07/01/2008,0.16673913,soybean,0.033800352,46
US-Ro1,07/08/2008,0.26326087,soybean,0.039668311,46
US-Ro1,07/15/2008,0.362391304,soybean,0.040671299,46
US-Ro1,07/21/2008,0.461086957,soybean,0.053964114,46
US-Ro1,07/28/2008,0.577173913,soybean,0.056829689,46
US-Ro1,08/11/2008,0.763695652,soybean,0.101310495,46
US-Ro1,06/04/2009,0.222093023,corn,0.035088876,43
US-Ro1,06/11/2009,0.30255814,corn,0.06176349,43
US-Ro1,06/17/2009,0.387674419,corn,0.089305181,43
US-Ro1,06/24/2009,0.758235294,corn,0.080017823,34
US-Ro1,07/01/2009,1.195581395,corn,0.157545191,43
US-Ro1,07/15/2009,2.094651163,corn,0.204664055,43
US-Ro1,07/23/2009,2.356976744,corn,0.196050709,43
US-Ro1,07/29/2009,2.505116279,corn,0.399918873,43
US-Ro1,08/06/2009,2.658372093,corn,0.15913352,43
US-Ro1,08/21/2009,2.512093023,corn,0.144429224,43
US-Ro1,09/16/2009,2.565609756,corn,0.11912281,41
US-Ro1,06/24/2010,0.262307692,rye,0.029331278,39
US-Ro1,06/29/2010,0.311025641,rye,0.0377523,39
US-Ro1,07/06/2010,0.458974359,rye,0.046100284,39
US-Ro1,07/15/2010,0.675897436,rye,0.044586873,39
US-Ro1,07/29/2010,0.975641026,rye,0.060515108,39
US-Ro1,08/02/2010,1.026666667,rye,0.057231448,39
US-Ro1,08/17/2010,1.075128205,rye,0.059818664,39
US-Ro1,08/25/2010,1.07025641,rye,0.059182464,39
US-Ro1,09/08/2010,0.818461538,rye,0.109124228,39
US-Ro1,09/28/2010,0.997435897,rye,0.056181939,39
US-Ro1,05/24/2011,0.074090909,corn,0.008711976,44
US-Ro1,06/01/2011,0.105227273,corn,0.008757359,44
US-Ro1,06/09/2011,0.275681818,corn,0.082077607,44
US-Ro1,06/14/2011,0.239545455,corn,0.019041515,44
US-Ro1,06/24/2011,0.577272727,corn,0.110313794,44
US-Ro1,06/28/2011,0.67,corn,0.087683363,44
US-Ro1,07/01/2011,0.796590909,corn,0.078353498,44
US-Ro1,07/06/2011,1.173409091,corn,0.113812232,44
US-Ro1,07/13/2011,1.580909091,corn,0.283309496,44
US-Ro1,07/21/2011,2.131590909,corn,0.266754335,44
US-Ro1,07/26/2011,2.397045455,corn,0.143989333,44
US-Ro1,08/03/2011,2.452272727,corn,0.122926782,44
US-Ro3,07/21/2004,0.403333333,soybean,0.067398547,66
US-Ro3,07/30/2004,0.363392857,soybean,0.06559592,56
US-Ro3,08/05/2004,0.459230769,soybean,0.09411276,65
US-Ro3,08/12/2004,0.502769231,soybean,0.095500453,65
US-Ro3,08/17/2004,0.55,soybean,0.094802426,65
US-Ro3,09/03/2004,0.616470588,soybean,0.075741433,17
US-Ro3,09/10/2004,0.598923077,soybean,0.072092022,65
US-Ro3,09/16/2004,0.555384615,soybean,0.085221713,65
US-Ro3,09/22/2004,0.551384615,soybean,0.087121986,65
US-Ro3,06/16/2005,0.433026316,corn,0.071759222,76
US-Ro3,06/21/2005,0.633947368,corn,0.083203829,76
US-Ro3,06/28/2005,0.968289474,corn,0.116199692,76
US-Ro3,07/05/2005,1.302236842,corn,0.116934155,76
US-Ro3,07/14/2005,1.909473684,corn,0.148879322,76
US-Ro3,07/19/2005,2.180394737,corn,0.176487513,76
US-Ro3,07/26/2005,2.534078947,corn,0.155804815,76
US-Ro3,08/04/2005,2.616710526,corn,0.129175727,76
US-Ro3,08/15/2005,2.628289474,corn,0.148174565,76
US-Ro3,06/26/2006,0.108461538,soybean,0.027339274,13
US-Ro3,06/27/2006,0.149333333,soybean,0.032283853,90
US-Ro3,07/05/2006,0.161222222,soybean,0.037888891,90
US-Ro3,07/17/2006,0.265,soybean,0.054158527,90
US-Ro3,07/24/2006,0.326777778,soybean,0.061421875,90
US-Ro3,08/03/2006,0.440777778,soybean,0.079439437,90
US-Ro3,08/08/2006,0.557111111,soybean,0.089521129,90
US-Ro3,08/16/2006,0.701235955,soybean,0.094011849,89
US-Ro3,08/29/2006,0.739777778,soybean,0.077444838,90
US-Ro3,09/06/2006,0.735888889,soybean,0.079703022,90
US-Ro3,05/25/2007,0.0915,corn,0.020487698,60
US-Ro3,05/30/2007,0.12,corn,0.024216537,60
US-Ro3,06/08/2007,0.1865,corn,0.059141456,60
US-Ro3,06/14/2007,0.331333333,corn,0.101905018,60
US-Ro3,08/08/2007,2.128333333,corn,0.247030957,60
US-Ro3,06/03/2008,0.137391304,corn,0.036204167,69
US-Ro3,06/17/2008,0.272753623,corn,0.064713942,69
US-Ro3,06/24/2008,0.347205882,corn,0.064295159,68
US-Ro3,07/02/2008,0.568088235,corn,0.101661677,68
US-Ro3,07/16/2008,1.333043478,corn,0.210610488,69
US-Ro3,07/21/2008,1.75942029,corn,0.18533661,69
US-Ro3,07/28/2008,2.253333333,corn,0.18277008,69
US-Ro3,08/05/2008,2.535217391,corn,0.192885281,69
US-Ro3,08/11/2008,2.44884058,corn,0.208047903,69
US-Ro3,08/20/2008,2.489565217,corn,0.167441252,69
US-Ro3,06/11/2009,0.076,soybean,0.0088258,20
US-Ro3,06/25/2009,0.194567901,soybean,0.021333623,81
US-Ro3,07/01/2009,0.231234568,soybean,0.029554302,81
US-Ro3,07/10/2009,0.330246914,soybean,0.041169628,81
US-Ro3,07/15/2009,0.402716049,soybean,0.051112923,81
US-Ro3,07/27/2009,0.500123457,soybean,0.058234307,81
US-Ro3,08/05/2009,0.661111111,soybean,0.062749502,81
US-Ro3,08/11/2009,0.709876543,soybean,0.067481365,81
US-Ro3,08/18/2009,0.812839506,soybean,0.056174607,81
US-Ro3,08/26/2009,0.870987654,soybean,0.072794315,81
US-Ro3,09/01/2009,0.915555556,soybean,0.067007462,81
US-Ro3,09/08/2009,0.864197531,soybean,0.077247398,81
US-Ro3,09/16/2009,0.876790123,soybean,0.068935244,81
US-Ro3,06/24/2010,0.815081967,corn,0.113968167,61
US-Ro3,06/29/2010,1.033114754,corn,0.132407716,61
US-Ro3,07/07/2010,1.566229508,corn,0.17630621,61
US-Ro3,07/15/2010,2.062786885,corn,0.125061733,61
US-Ro3,07/21/2010,2.48442623,corn,0.116383341,61
US-Ro3,07/29/2010,2.640655738,corn,0.105875223,61
US-Ro3,08/02/2010,2.625409836,corn,0.107727647,61
US-Ro3,08/17/2010,2.659344262,corn,0.099914444,61
US-Ro3,08/25/2010,2.677704918,corn,0.09888366,61
US-Ro3,06/09/2011,0.163962264,corn,0.023966292,53
US-Ro3,06/14/2011,0.186226415,corn,0.035960791,53
US-Ro3,06/24/2011,0.347924528,corn,0.072439855,53
US-Ro3,06/28/2011,0.433018868,corn,0.077076009,53
US-Ro3,07/01/2011,0.534716981,corn,0.100088495,53
US-Ro3,07/06/2011,0.761698113,corn,0.090633154,53
US-Ro3,07/19/2011,1.54509434,corn,0.152613421,53
US-Ro3,07/26/2011,2.027358491,corn,0.230418941,53
US-Ro3,07/19/2012,0.753571429,soybean,0.060073996,42
US-Ro3,07/31/2012,1.024285714,soybean,0.07019634,42
US-Ro3,07/09/2012,0.469782609,soybean,0.043893261,46
US-Ne1,05/29/2001,0.2,corn,NA,NA
US-Ne1,06/13/2001,0.5,corn,NA,NA
US-Ne1,06/21/2001,0.9,corn,NA,NA
US-Ne1,06/29/2001,1.2,corn,NA,NA
US-Ne1,07/05/2001,1.9,corn,NA,NA
US-Ne1,07/13/2001,2.5,corn,NA,NA
US-Ne1,07/19/2001,2.9,corn,NA,NA
US-Ne1,08/09/2001,3.3,corn,NA,NA
US-Ne1,08/15/2001,3.5,corn,NA,NA
US-Ne1,05/29/2002,0.1,corn,NA,NA
US-Ne1,06/03/2002,0.3,corn,NA,NA
US-Ne1,06/18/2002,0.6,corn,NA,NA
US-Ne1,07/01/2002,1.4,corn,NA,NA
US-Ne1,07/08/2002,2,corn,NA,NA
US-Ne1,07/15/2002,2.3,corn,NA,NA
US-Ne1,07/29/2002,2.9,corn,NA,NA
US-Ne1,08/12/2002,3.3,corn,NA,NA
US-Ne1,09/12/2002,3.1,corn,NA,NA
US-Ne1,06/06/2003,0.2,corn,NA,NA
US-Ne1,06/25/2003,0.9,corn,NA,NA
US-Ne1,07/08/2003,1.7,corn,NA,NA
US-Ne1,07/18/2003,2.3,corn,NA,NA
US-Ne1,07/28/2003,2.7,corn,NA,NA
US-Ne1,08/08/2003,2.8,corn,NA,NA
US-Ne1,08/26/2003,2.8,corn,NA,NA
US-Ne1,09/26/2003,2.8,corn,NA,NA
US-Ne1,06/03/2004,0.3,corn,NA,NA
US-Ne1,06/15/2004,0.7,corn,NA,NA
US-Ne1,07/01/2004,1.5,corn,NA,NA
US-Ne1,07/13/2004,2.3,corn,NA,NA
US-Ne1,07/26/2004,3,corn,NA,NA
US-Ne1,08/05/2004,3,corn,NA,NA
US-Ne1,08/17/2004,2.9,corn,NA,NA
US-Ne1,05/31/2005,0.2,corn,NA,NA
US-Ne1,06/17/2005,0.7,corn,NA,NA
US-Ne1,06/27/2005,1.2,corn,NA,NA
US-Ne1,07/07/2005,1.9,corn,NA,NA
US-Ne1,07/20/2005,2.5,corn,NA,NA
US-Ne1,08/01/2005,2.7,corn,NA,NA
US-Ne1,08/09/2005,2.7,corn,NA,NA
US-Ne1,08/19/2005,2.8,corn,NA,NA
US-Ne1,06/01/2006,0.4,corn,NA,NA
US-Ne1,06/08/2006,0.8,corn,NA,NA
US-Ne1,06/16/2006,1.1,corn,NA,NA
US-Ne1,06/26/2006,1.7,corn,NA,NA
US-Ne1,07/06/2006,2.4,corn,NA,NA
US-Ne1,07/12/2006,2.9,corn,NA,NA
US-Ne1,07/20/2006,3,corn,NA,NA
US-Ne1,07/28/2006,3,corn,NA,NA
US-Ne1,05/29/2007,0.3,corn,NA,NA
US-Ne1,06/06/2007,0.6,corn,NA,NA
US-Ne1,06/13/2007,0.9,corn,NA,NA
US-Ne1,06/19/2007,1.2,corn,NA,NA
US-Ne1,06/26/2007,1.8,corn,NA,NA
US-Ne1,07/09/2007,2.6,corn,NA,NA
US-Ne1,07/16/2007,2.9,corn,NA,NA
US-Ne1,07/24/2007,2.9,corn,NA,NA
US-Ne1,08/03/2007,3,corn,NA,NA
US-Ne1,05/21/2008,0.1,corn,NA,NA
US-Ne1,05/30/2008,0.2,corn,NA,NA
US-Ne1,06/11/2008,0.6,corn,NA,NA
US-Ne1,06/18/2008,0.9,corn,NA,NA
US-Ne1,06/24/2008,1.3,corn,NA,NA
US-Ne1,07/02/2008,1.8,corn,NA,NA
US-Ne1,07/10/2008,2.2,corn,NA,NA
US-Ne1,07/17/2008,2.5,corn,NA,NA
US-Ne1,07/28/2008,2.7,corn,NA,NA
US-Ne1,08/04/2008,2.7,corn,NA,NA
US-Ne1,08/14/2008,2.7,corn,NA,NA
US-Ne1,05/20/2009,0.2,corn,NA,NA
US-Ne1,05/28/2009,0.4,corn,NA,NA
US-Ne1,06/05/2009,0.6,corn,NA,NA
US-Ne1,06/11/2009,0.8,corn,NA,NA
US-Ne1,06/18/2009,1.1,corn,NA,NA
US-Ne1,06/26/2009,1.8,corn,NA,NA
US-Ne1,07/02/2009,2.1,corn,NA,NA
US-Ne1,07/10/2009,2.7,corn,NA,NA
US-Ne1,07/22/2009,3.2,corn,NA,NA
US-Ne1,08/03/2009,3.2,corn,NA,NA
US-Ne1,08/12/2009,3.2,corn,NA,NA
US-Ne1,05/26/2010,0.2,corn,NA,NA
US-Ne1,06/01/2010,0.4,corn,NA,NA
US-Ne1,06/16/2010,1.1,corn,NA,NA
US-Ne1,06/28/2010,1.8,corn,NA,NA
US-Ne1,07/07/2010,2.3,corn,NA,NA
US-Ne1,07/14/2010,2.7,corn,NA,NA
US-Ne1,07/27/2010,2.7,corn,NA,NA
US-Ne1,08/03/2010,2.7,corn,NA,NA
US-Ne1,05/26/2011,0,corn,NA,NA
US-Ne1,06/03/2011,0.1,corn,NA,NA
US-Ne1,06/14/2011,0.4,corn,NA,NA
US-Ne1,06/24/2011,0.8,corn,NA,NA
US-Ne1,07/05/2011,1.3,corn,NA,NA
US-Ne1,07/14/2011,2,corn,NA,NA
US-Ne1,07/25/2011,2.6,corn,NA,NA
US-Ne1,08/02/2011,2.7,corn,NA,NA
US-Ne1,08/11/2011,2.7,corn,NA,NA
US-Ne1,05/02/2012,0,corn,NA,NA
US-Ne1,05/10/2012,0.2,corn,NA,NA
US-Ne1,05/18/2012,0.3,corn,NA,NA
US-Ne1,05/24/2012,0.4,corn,NA,NA
US-Ne1,05/31/2012,0.7,corn,NA,NA
US-Ne1,06/11/2012,1.2,corn,NA,NA
US-Ne1,06/20/2012,1.8,corn,NA,NA
US-Ne1,06/27/2012,2,corn,NA,NA
US-Ne1,07/05/2012,2.5,corn,NA,NA
US-Ne1,07/12/2012,2.6,corn,NA,NA
US-Ne1,07/19/2012,2.5,corn,NA,NA
US-Ne1,07/26/2012,2.5,corn,NA,NA
US-Ne1,05/14/2013,0,corn,NA,NA
US-Ne1,05/22/2013,0.2,corn,NA,NA
US-Ne1,05/31/2013,0.3,corn,NA,NA
US-Ne1,06/07/2013,0.5,corn,NA,NA
US-Ne1,06/13/2013,0.7,corn,NA,NA
US-Ne1,06/24/2013,1.4,corn,NA,NA
US-Ne1,07/01/2013,1.8,corn,NA,NA
US-Ne1,07/10/2013,2.3,corn,NA,NA
US-Ne1,07/18/2013,2.7,corn,NA,NA
US-Ne1,07/29/2013,2.7,corn,NA,NA
US-Ne1,08/08/2013,2.6,corn,NA,NA
US-Ne1,05/07/2014,0,corn,NA,NA
US-Ne1,05/23/2014,0.1,corn,NA,NA
US-Ne1,05/30/2014,0.3,corn,NA,NA
US-Ne1,06/05/2014,0.4,corn,NA,NA
US-Ne1,06/12/2014,0.6,corn,NA,NA
US-Ne1,06/19/2014,0.9,corn,NA,NA
US-Ne1,06/25/2014,1.3,corn,NA,NA
US-Ne1,07/02/2014,1.7,corn,NA,NA
US-Ne1,07/09/2014,2.2,corn,NA,NA
US-Ne1,07/17/2014,2.6,corn,NA,NA
US-Ne1,07/24/2014,2.7,corn,NA,NA
US-Ne1,07/30/2014,2.7,corn,NA,NA
US-Ne1,08/07/2014,2.7,corn,NA,NA
US-Ne1,05/11/2015,0,corn,NA,NA
US-Ne1,05/21/2015,0.1,corn,NA,NA
US-Ne1,05/27/2015,0.2,corn,NA,NA
US-Ne1,06/02/2015,0.2,corn,NA,NA
US-Ne1,06/08/2015,0.3,corn,NA,NA
US-Ne1,06/16/2015,0.7,corn,NA,NA
US-Ne1,06/22/2015,1,corn,NA,NA
US-Ne1,06/29/2015,1.3,corn,NA,NA
US-Ne1,07/08/2015,1.9,corn,NA,NA
US-Ne1,07/16/2015,2.5,corn,NA,NA
US-Ne1,07/27/2015,3.1,corn,NA,NA
US-Ne1,08/06/2015,3.1,corn,NA,NA
US-Ne1,08/17/2015,3.2,corn,NA,NA
US-Ne1,05/27/2016,0,corn,NA,NA
US-Ne1,06/03/2016,0.2,corn,NA,NA
US-Ne1,06/10/2016,0.3,corn,NA,NA
US-Ne1,06/16/2016,0.6,corn,NA,NA
US-Ne1,06/24/2016,1.1,corn,NA,NA
US-Ne1,06/29/2016,1.5,corn,NA,NA
US-Ne1,07/06/2016,2.1,corn,NA,NA
US-Ne1,07/12/2016,2.4,corn,NA,NA
US-Ne1,07/19/2016,2.6,corn,NA,NA
US-Ne1,07/26/2016,2.9,corn,NA,NA
US-Ne1,08/02/2016,2.8,corn,NA,NA
US-Ne1,08/09/2016,2.8,corn,NA,NA
US-Ne1,08/16/2016,2.8,corn,NA,NA
US-Ne2,05/29/2001,0.1,corn,NA,NA
US-Ne2,06/13/2001,0.5,corn,NA,NA
US-Ne2,06/21/2001,0.8,corn,NA,NA
US-Ne2,06/29/2001,1.1,corn,NA,NA
US-Ne2,07/09/2001,1.7,corn,NA,NA
US-Ne2,07/13/2001,2.4,corn,NA,NA
US-Ne2,07/20/2001,2.9,corn,NA,NA
US-Ne2,08/09/2001,3.3,corn,NA,NA
US-Ne2,08/20/2001,3.4,corn,NA,NA
US-Ne2,06/11/2002,0.1,soybean,NA,NA
US-Ne2,06/25/2002,0.3,soybean,NA,NA
US-Ne2,07/10/2002,0.5,soybean,NA,NA
US-Ne2,07/24/2002,0.7,soybean,NA,NA
US-Ne2,08/06/2002,1,soybean,NA,NA
US-Ne2,09/10/2002,1,soybean,NA,NA
US-Ne2,09/19/2002,1,soybean,NA,NA
US-Ne2,06/06/2003,0.2,corn,NA,NA
US-Ne2,06/24/2003,0.9,corn,NA,NA
US-Ne2,07/07/2003,1.7,corn,NA,NA
US-Ne2,07/16/2003,2.3,corn,NA,NA
US-Ne2,07/25/2003,2.8,corn,NA,NA
US-Ne2,08/06/2003,2.9,corn,NA,NA
US-Ne2,08/22/2003,2.9,corn,NA,NA
US-Ne2,09/12/2003,2.9,corn,NA,NA
US-Ne2,06/24/2004,0.1,soybean,NA,NA
US-Ne2,07/08/2004,0.2,soybean,NA,NA
US-Ne2,07/20/2004,0.4,soybean,NA,NA
US-Ne2,07/30/2004,0.5,soybean,NA,NA
US-Ne2,08/13/2004,0.8,soybean,NA,NA
US-Ne2,08/26/2004,0.9,soybean,NA,NA
US-Ne2,09/16/2004,0.8,soybean,NA,NA
US-Ne2,05/31/2005,0.2,corn,NA,NA
US-Ne2,06/13/2005,0.7,corn,NA,NA
US-Ne2,06/23/2005,1.2,corn,NA,NA
US-Ne2,07/06/2005,2,corn,NA,NA
US-Ne2,07/13/2005,2.4,corn,NA,NA
US-Ne2,07/27/2005,2.7,corn,NA,NA
US-Ne2,08/04/2005,2.7,corn,NA,NA
US-Ne2,08/15/2005,2.7,corn,NA,NA
US-Ne2,06/02/2006,0.1,soybean,NA,NA
US-Ne2,06/12/2006,0.1,soybean,NA,NA
US-Ne2,06/20/2006,0.2,soybean,NA,NA
US-Ne2,06/27/2006,0.2,soybean,NA,NA
US-Ne2,07/07/2006,0.4,soybean,NA,NA
US-Ne2,07/14/2006,0.6,soybean,NA,NA
US-Ne2,07/24/2006,0.7,soybean,NA,NA
US-Ne2,07/31/2006,0.9,soybean,NA,NA
US-Ne2,08/09/2006,1,soybean,NA,NA
US-Ne2,08/15/2006,1.1,soybean,NA,NA
US-Ne2,08/28/2006,1,soybean,NA,NA
US-Ne2,09/20/2006,0.9,soybean,NA,NA
US-Ne2,10/05/2006,1,soybean,NA,NA
US-Ne2,05/29/2007,0.3,corn,NA,NA
US-Ne2,06/07/2007,0.6,corn,NA,NA
US-Ne2,06/14/2007,0.9,corn,NA,NA
US-Ne2,06/21/2007,1.2,corn,NA,NA
US-Ne2,06/28/2007,1.8,corn,NA,NA
US-Ne2,07/10/2007,2.6,corn,NA,NA
US-Ne2,07/18/2007,3,corn,NA,NA
US-Ne2,07/25/2007,3,corn,NA,NA
US-Ne2,08/07/2007,3.1,corn,NA,NA
US-Ne2,06/04/2008,0.1,soybean,NA,NA
US-Ne2,06/13/2008,0.1,soybean,NA,NA
US-Ne2,06/20/2008,0.1,soybean,NA,NA
US-Ne2,06/30/2008,0.2,soybean,NA,NA
US-Ne2,07/08/2008,0.3,soybean,NA,NA
US-Ne2,07/15/2008,0.4,soybean,NA,NA
US-Ne2,07/23/2008,0.5,soybean,NA,NA
US-Ne2,07/31/2008,0.8,soybean,NA,NA
US-Ne2,08/07/2008,0.8,soybean,NA,NA
US-Ne2,08/18/2008,0.9,soybean,NA,NA
US-Ne2,08/29/2008,0.9,soybean,NA,NA
US-Ne2,09/19/2008,0.8,soybean,NA,NA
US-Ne2,09/30/2008,0.8,soybean,NA,NA
US-Ne2,05/20/2009,0.2,corn,NA,NA
US-Ne2,05/29/2009,0.3,corn,NA,NA
US-Ne2,06/04/2009,0.5,corn,NA,NA
US-Ne2,06/10/2009,0.7,corn,NA,NA
US-Ne2,06/17/2009,1,corn,NA,NA
US-Ne2,06/24/2009,1.7,corn,NA,NA
US-Ne2,06/30/2009,2.1,corn,NA,NA
US-Ne2,07/09/2009,2.8,corn,NA,NA
US-Ne2,07/21/2009,3.2,corn,NA,NA
US-Ne2,07/30/2009,3.3,corn,NA,NA
US-Ne2,08/11/2009,3.3,corn,NA,NA
US-Ne2,05/26/2010,0.2,corn,NA,NA
US-Ne2,06/02/2010,0.3,corn,NA,NA
US-Ne2,06/24/2010,1.2,corn,NA,NA
US-Ne2,07/02/2010,1.5,corn,NA,NA
US-Ne2,07/13/2010,2.2,corn,NA,NA
US-Ne2,07/29/2010,2.6,corn,NA,NA
US-Ne2,08/10/2010,2.6,corn,NA,NA
US-Ne2,05/26/2011,0,corn,NA,NA
US-Ne2,06/03/2011,0.2,corn,NA,NA
US-Ne2,06/10/2011,0.3,corn,NA,NA
US-Ne2,06/21/2011,0.8,corn,NA,NA
US-Ne2,07/01/2011,1.2,corn,NA,NA
US-Ne2,07/12/2011,2.1,corn,NA,NA
US-Ne2,07/20/2011,2.6,corn,NA,NA
US-Ne2,07/29/2011,2.8,corn,NA,NA
US-Ne2,08/08/2011,2.8,corn,NA,NA
US-Ne2,05/03/2012,0,corn,NA,NA
US-Ne2,05/10/2012,0.1,corn,NA,NA
US-Ne2,05/18/2012,0.3,corn,NA,NA
US-Ne2,05/25/2012,0.5,corn,NA,NA
US-Ne2,06/04/2012,0.9,corn,NA,NA
US-Ne2,06/12/2012,1.3,corn,NA,NA
US-Ne2,06/19/2012,1.8,corn,NA,NA
US-Ne2,06/26/2012,2,corn,NA,NA
US-Ne2,07/03/2012,2.4,corn,NA,NA
US-Ne2,07/10/2012,2.6,corn,NA,NA
US-Ne2,07/18/2012,2.6,corn,NA,NA
US-Ne2,07/25/2012,2.6,corn,NA,NA
US-Ne2,05/15/2013,0,corn,NA,NA
US-Ne2,05/23/2013,0.2,corn,NA,NA
US-Ne2,05/31/2013,0.3,corn,NA,NA
US-Ne2,06/10/2013,0.6,corn,NA,NA
US-Ne2,06/19/2013,1,corn,NA,NA
US-Ne2,06/27/2013,1.7,corn,NA,NA
US-Ne2,07/05/2013,2.1,corn,NA,NA
US-Ne2,07/12/2013,2.4,corn,NA,NA
US-Ne2,07/23/2013,2.7,corn,NA,NA
US-Ne2,08/01/2013,2.6,corn,NA,NA
US-Ne2,08/12/2013,2.7,corn,NA,NA
US-Ne2,05/26/2014,0,soybean,NA,NA
US-Ne2,06/02/2014,0.1,soybean,NA,NA
US-Ne2,06/09/2014,0.1,soybean,NA,NA
US-Ne2,06/16/2014,0.2,soybean,NA,NA
US-Ne2,06/23/2014,0.3,soybean,NA,NA
US-Ne2,06/30/2014,0.3,soybean,NA,NA
US-Ne2,07/07/2014,0.4,soybean,NA,NA
US-Ne2,07/15/2014,0.6,soybean,NA,NA
US-Ne2,07/21/2014,0.7,soybean,NA,NA
US-Ne2,07/28/2014,0.8,soybean,NA,NA
US-Ne2,08/04/2014,0.9,soybean,NA,NA
US-Ne2,08/11/2014,1,soybean,NA,NA
US-Ne2,08/18/2014,1.1,soybean,NA,NA
US-Ne2,09/03/2014,1,soybean,NA,NA
US-Ne2,09/17/2014,0.9,soybean,NA,NA
US-Ne2,09/29/2014,0.9,soybean,NA,NA
US-Ne2,05/11/2015,0,corn,NA,NA
US-Ne2,05/21/2015,0.1,corn,NA,NA
US-Ne2,05/28/2015,0.2,corn,NA,NA
US-Ne2,06/04/2015,0.3,corn,NA,NA
US-Ne2,06/10/2015,0.6,corn,NA,NA
US-Ne2,06/18/2015,1,corn,NA,NA
US-Ne2,06/24/2015,1.4,corn,NA,NA
US-Ne2,07/01/2015,1.9,corn,NA,NA
US-Ne2,07/13/2015,2.6,corn,NA,NA
US-Ne2,07/23/2015,3,corn,NA,NA
US-Ne2,08/04/2015,3.1,corn,NA,NA
US-Ne2,08/20/2015,3.1,corn,NA,NA
US-Ne2,05/28/2016,0,soybean,NA,NA
US-Ne2,06/06/2016,0.1,soybean,NA,NA
US-Ne2,06/13/2016,0.1,soybean,NA,NA
US-Ne2,06/20/2016,0.2,soybean,NA,NA
US-Ne2,06/27/2016,0.4,soybean,NA,NA
US-Ne2,07/05/2016,0.4,soybean,NA,NA
US-Ne2,07/11/2016,0.5,soybean,NA,NA
US-Ne2,07/18/2016,0.8,soybean,NA,NA
US-Ne2,07/25/2016,1,soybean,NA,NA
US-Ne2,08/01/2016,1.1,soybean,NA,NA
US-Ne2,08/08/2016,1.1,soybean,NA,NA
US-Ne2,08/15/2016,1.2,soybean,NA,NA
US-Ne2,08/23/2016,1.2,soybean,NA,NA
US-Ne2,09/12/2016,1.1,soybean,NA,NA
US-Ne2,10/03/2016,1.1,soybean,NA,NA
US-Ne3,05/29/2001,0.1,corn,NA,NA
US-Ne3,06/13/2001,0.5,corn,NA,NA
US-Ne3,06/21/2001,0.8,corn,NA,NA
US-Ne3,06/28/2001,1.1,corn,NA,NA
US-Ne3,07/05/2001,1.6,corn,NA,NA
US-Ne3,07/11/2001,1.9,corn,NA,NA
US-Ne3,07/18/2001,2.4,corn,NA,NA
US-Ne3,08/07/2001,2.7,corn,NA,NA
US-Ne3,08/14/2001,2.7,corn,NA,NA
US-Ne3,06/11/2002,0.1,soybean,NA,NA
US-Ne3,06/25/2002,0.3,soybean,NA,NA
US-Ne3,07/09/2002,0.5,soybean,NA,NA
US-Ne3,07/26/2002,0.7,soybean,NA,NA
US-Ne3,08/09/2002,0.8,soybean,NA,NA
US-Ne3,09/04/2002,0.7,soybean,NA,NA
US-Ne3,09/18/2002,0.7,soybean,NA,NA
US-Ne3,06/06/2003,0.3,corn,NA,NA
US-Ne3,06/19/2003,0.7,corn,NA,NA
US-Ne3,07/03/2003,1.5,corn,NA,NA
US-Ne3,07/14/2003,2.1,corn,NA,NA
US-Ne3,07/23/2003,2.4,corn,NA,NA
US-Ne3,08/04/2003,2.4,corn,NA,NA
US-Ne3,08/20/2003,2.5,corn,NA,NA
US-Ne3,09/04/2003,2.5,corn,NA,NA
US-Ne3,06/24/2004,0.1,soybean,NA,NA
US-Ne3,07/06/2004,0.2,soybean,NA,NA
US-Ne3,07/16/2004,0.4,soybean,NA,NA
US-Ne3,07/29/2004,0.6,soybean,NA,NA
US-Ne3,08/10/2004,0.8,soybean,NA,NA
US-Ne3,08/19/2004,0.9,soybean,NA,NA
US-Ne3,09/09/2004,0.9,soybean,NA,NA
US-Ne3,05/24/2005,0.2,corn,NA,NA
US-Ne3,06/08/2005,0.6,corn,NA,NA
US-Ne3,06/21/2005,1.2,corn,NA,NA
US-Ne3,06/30/2005,1.6,corn,NA,NA
US-Ne3,07/14/2005,2.2,corn,NA,NA
US-Ne3,07/28/2005,2.6,corn,NA,NA
US-Ne3,08/08/2005,2.5,corn,NA,NA
US-Ne3,08/17/2005,2.5,corn,NA,NA
US-Ne3,06/02/2006,0.1,soybean,NA,NA
US-Ne3,06/13/2006,0.1,soybean,NA,NA
US-Ne3,06/21/2006,0.2,soybean,NA,NA
US-Ne3,06/29/2006,0.3,soybean,NA,NA
US-Ne3,07/11/2006,0.5,soybean,NA,NA
US-Ne3,07/17/2006,0.6,soybean,NA,NA
US-Ne3,07/25/2006,0.8,soybean,NA,NA
US-Ne3,08/01/2006,0.9,soybean,NA,NA
US-Ne3,08/10/2006,1,soybean,NA,NA
US-Ne3,08/16/2006,1,soybean,NA,NA
US-Ne3,08/30/2006,0.9,soybean,NA,NA
US-Ne3,09/18/2006,0.9,soybean,NA,NA
US-Ne3,10/09/2006,0.9,soybean,NA,NA
US-Ne3,05/30/2007,0.4,corn,NA,NA
US-Ne3,06/11/2007,0.7,corn,NA,NA
US-Ne3,06/18/2007,1.1,corn,NA,NA
US-Ne3,06/25/2007,1.6,corn,NA,NA
US-Ne3,07/02/2007,1.9,corn,NA,NA
US-Ne3,07/11/2007,2.3,corn,NA,NA
US-Ne3,07/23/2007,2.5,corn,NA,NA
US-Ne3,08/01/2007,2.5,corn,NA,NA
US-Ne3,08/14/2007,2.5,corn,NA,NA
US-Ne3,06/11/2008,0.1,soybean,NA,NA
US-Ne3,06/17/2008,0.1,soybean,NA,NA
US-Ne3,06/25/2008,0.2,soybean,NA,NA
US-Ne3,07/07/2008,0.3,soybean,NA,NA
US-Ne3,07/14/2008,0.4,soybean,NA,NA
US-Ne3,07/22/2008,0.5,soybean,NA,NA
US-Ne3,07/28/2008,0.6,soybean,NA,NA
US-Ne3,08/04/2008,0.7,soybean,NA,NA
US-Ne3,08/11/2008,0.7,soybean,NA,NA
US-Ne3,08/19/2008,0.8,soybean,NA,NA
US-Ne3,09/04/2008,0.8,soybean,NA,NA
US-Ne3,09/18/2008,0.7,soybean,NA,NA
US-Ne3,09/26/2008,0.7,soybean,NA,NA
US-Ne3,05/21/2009,0.2,corn,NA,NA
US-Ne3,05/29/2009,0.4,corn,NA,NA
US-Ne3,06/04/2009,0.6,corn,NA,NA
US-Ne3,06/10/2009,0.8,corn,NA,NA
US-Ne3,06/17/2009,1.2,corn,NA,NA
US-Ne3,06/25/2009,2,corn,NA,NA
US-Ne3,07/01/2009,2.3,corn,NA,NA
US-Ne3,07/08/2009,2.8,corn,NA,NA
US-Ne3,07/16/2009,3,corn,NA,NA
US-Ne3,07/27/2009,3,corn,NA,NA
US-Ne3,08/05/2009,3,corn,NA,NA
US-Ne3,06/15/2010,0.1,soybean,NA,NA
US-Ne3,06/22/2010,0.2,soybean,NA,NA
US-Ne3,06/30/2010,0.3,soybean,NA,NA
US-Ne3,07/08/2010,0.4,soybean,NA,NA
US-Ne3,07/21/2010,0.6,soybean,NA,NA
US-Ne3,07/29/2010,0.8,soybean,NA,NA
US-Ne3,08/06/2010,0.9,soybean,NA,NA
US-Ne3,08/13/2010,0.9,soybean,NA,NA
US-Ne3,09/03/2010,0.9,soybean,NA,NA
US-Ne3,10/01/2010,0.9,soybean,NA,NA
US-Ne3,05/13/2011,0,corn,NA,NA
US-Ne3,05/26/2011,0.1,corn,NA,NA
US-Ne3,06/07/2011,0.3,corn,NA,NA
US-Ne3,06/17/2011,0.6,corn,NA,NA
US-Ne3,06/28/2011,1.1,corn,NA,NA
US-Ne3,07/08/2011,1.9,corn,NA,NA
US-Ne3,07/15/2011,2.4,corn,NA,NA
US-Ne3,07/26/2011,2.6,corn,NA,NA
US-Ne3,08/04/2011,2.6,corn,NA,NA
US-Ne3,05/26/2012,0,soybean,NA,NA
US-Ne3,05/30/2012,0.1,soybean,NA,NA
US-Ne3,06/06/2012,0.1,soybean,NA,NA
US-Ne3,06/15/2012,0.2,soybean,NA,NA
US-Ne3,06/21/2012,0.3,soybean,NA,NA
US-Ne3,06/28/2012,0.4,soybean,NA,NA
US-Ne3,07/09/2012,0.5,soybean,NA,NA
US-Ne3,07/17/2012,0.7,soybean,NA,NA
US-Ne3,07/24/2012,0.8,soybean,NA,NA
US-Ne3,07/31/2012,0.9,soybean,NA,NA
US-Ne3,08/08/2012,0.9,soybean,NA,NA
US-Ne3,08/16/2012,0.9,soybean,NA,NA
US-Ne3,09/04/2012,0.8,soybean,NA,NA
US-Ne3,09/20/2012,0.8,soybean,NA,NA
US-Ne3,05/21/2013,0,corn,NA,NA
US-Ne3,05/28/2013,0.1,corn,NA,NA
US-Ne3,06/04/2013,0.2,corn,NA,NA
US-Ne3,06/12/2013,0.4,corn,NA,NA
US-Ne3,06/20/2013,0.7,corn,NA,NA
US-Ne3,06/28/2013,1.2,corn,NA,NA
US-Ne3,07/08/2013,1.8,corn,NA,NA
US-Ne3,07/15/2013,2.2,corn,NA,NA
US-Ne3,07/25/2013,2.5,corn,NA,NA
US-Ne3,08/06/2013,2.5,corn,NA,NA
US-Ne3,08/15/2013,2.6,corn,NA,NA
US-Ne3,05/27/2014,0,soybean,NA,NA
US-Ne3,06/02/2014,0.1,soybean,NA,NA
US-Ne3,06/11/2014,0.1,soybean,NA,NA
US-Ne3,06/17/2014,0.2,soybean,NA,NA
US-Ne3,06/24/2014,0.3,soybean,NA,NA
US-Ne3,07/01/2014,0.3,soybean,NA,NA
US-Ne3,07/08/2014,0.4,soybean,NA,NA
US-Ne3,07/16/2014,0.6,soybean,NA,NA
US-Ne3,07/22/2014,0.7,soybean,NA,NA
US-Ne3,07/29/2014,0.8,soybean,NA,NA
US-Ne3,08/06/2014,0.8,soybean,NA,NA
US-Ne3,08/13/2014,0.9,soybean,NA,NA
US-Ne3,08/19/2014,0.8,soybean,NA,NA
US-Ne3,09/08/2014,0.8,soybean,NA,NA
US-Ne3,09/22/2014,0.8,soybean,NA,NA
US-Ne3,10/06/2014,0.8,soybean,NA,NA
US-Ne3,05/13/2015,0,corn,NA,NA
US-Ne3,05/22/2015,0.1,corn,NA,NA
US-Ne3,05/28/2015,0.1,corn,NA,NA
US-Ne3,06/03/2015,0.2,corn,NA,NA
US-Ne3,06/09/2015,0.4,corn,NA,NA
US-Ne3,06/17/2015,0.7,corn,NA,NA
US-Ne3,06/23/2015,1,corn,NA,NA
US-Ne3,06/30/2015,1.4,corn,NA,NA
US-Ne3,07/10/2015,2,corn,NA,NA
US-Ne3,07/21/2015,2.7,corn,NA,NA
US-Ne3,07/29/2015,2.9,corn,NA,NA
US-Ne3,08/11/2015,2.9,corn,NA,NA
US-Ne3,08/19/2015,2.8,corn,NA,NA
US-Ne3,05/29/2016,0,soybean,NA,NA
US-Ne3,06/06/2016,0.1,soybean,NA,NA
US-Ne3,06/14/2016,0.1,soybean,NA,NA
US-Ne3,06/21/2016,0.2,soybean,NA,NA
US-Ne3,06/30/2016,0.4,soybean,NA,NA
US-Ne3,07/07/2016,0.4,soybean,NA,NA
US-Ne3,07/13/2016,0.5,soybean,NA,NA
US-Ne3,07/20/2016,0.7,soybean,NA,NA
US-Ne3,07/27/2016,0.8,soybean,NA,NA
US-Ne3,08/03/2016,1,soybean,NA,NA
US-Ne3,08/10/2016,1.1,soybean,NA,NA
US-Ne3,08/17/2016,1.2,soybean,NA,NA
US-Ne3,09/06/2016,1.1,soybean,NA,NA
US-Ne3,09/20/2016,1,soybean,NA,NA
US-Ne3,10/05/2016,1,soybean,NA,NA
US-KL2,04/29/2013,0.1,switchgrass,NA,NA
US-KL2,05/03/2013,0.1,switchgrass,NA,NA
US-KL2,05/06/2013,0.1,switchgrass,NA,NA
US-KL2,05/16/2013,0.2,switchgrass,NA,NA
US-KL2,05/25/2013,0.36,switchgrass,NA,NA
US-KL2,06/05/2013,0.7,switchgrass,NA,NA
US-KL2,06/13/2013,0.8,switchgrass,NA,NA
US-KL2,06/20/2013,1,switchgrass,NA,NA
US-KL2,06/24/2013,1.120418118,switchgrass,NA,NA
US-KL2,06/26/2013,1.18,switchgrass,NA,NA
US-KL2,06/28/2013,1.18,switchgrass,NA,NA
US-KL2,07/08/2013,1.18,switchgrass,NA,NA
US-KL2,07/20/2013,0.93,switchgrass,NA,NA
US-KL2,08/05/2013,0.71,switchgrass,NA,NA
US-KL2,08/20/2013,0.71,switchgrass,NA,NA
US-KL2,09/02/2013,0.71,switchgrass,NA,NA
US-KL3,04/29/2013,0.1,prairie,NA,NA
US-KL3,05/03/2013,0.2,prairie,NA,NA
US-KL3,05/06/2013,0.25,prairie,NA,NA
US-KL3,05/16/2013,0.34,prairie,NA,NA
US-KL3,05/25/2013,0.52,prairie,NA,NA
US-KL3,06/05/2013,0.719504886,prairie,NA,NA
US-KL3,06/13/2013,0.864599349,prairie,NA,NA
US-KL3,06/20/2013,0.991557003,prairie,NA,NA
US-KL3,06/24/2013,1.064104235,prairie,NA,NA
US-KL3,06/26/2013,1.1,prairie,NA,NA
US-KL3,06/28/2013,1.1125,prairie,NA,NA
US-KL3,07/08/2013,1.175,prairie,NA,NA
US-KL3,07/20/2013,1.25,prairie,NA,NA
US-KL3,08/05/2013,1.41,prairie,NA,NA
US-KL3,08/20/2013,1.56,prairie,NA,NA
US-KL3,09/02/2013,1.6,prairie,NA,NA
US-KL1,04/29/2013,0.01,corn,NA,NA
US-KL1,05/03/2013,0.01,corn,NA,NA
US-KL1,05/06/2013,0.01,corn,NA,NA
US-KL1,05/16/2013,0.01,corn,NA,NA
US-KL1,05/25/2013,0.035,corn,NA,NA
US-KL1,06/05/2013,0.2,corn,NA,NA
US-KL1,06/13/2013,0.38,corn,NA,NA
US-KL1,06/20/2013,0.58,corn,NA,NA
US-KL1,06/24/2013,0.794076655,corn,NA,NA
US-KL1,06/26/2013,0.9,corn,NA,NA
US-KL1,06/28/2013,1.038333333,corn,NA,NA
US-KL1,07/08/2013,1.73,corn,NA,NA
US-KL1,07/20/2013,2.34,corn,NA,NA
US-KL1,08/05/2013,2.62,corn,NA,NA
US-KL1,08/20/2013,2.76,corn,NA,NA
US-KL1,09/02/2013,2.86,corn,NA,NA
US-KM1,04/29/2013,0.01,corn,NA,NA
US-KM1,05/03/2013,0.01,corn,NA,NA
US-KM1,05/06/2013,0.01,corn,NA,NA
US-KM1,05/16/2013,0.01,corn,NA,NA
US-KM1,05/25/2013,0.035,corn,NA,NA
US-KM1,06/05/2013,0.2,corn,NA,NA
US-KM1,06/13/2013,0.42,corn,NA,NA
US-KM1,06/20/2013,0.58,corn,NA,NA
US-KM1,06/24/2013,0.78,corn,NA,NA
US-KM1,06/26/2013,0.890575916,corn,NA,NA
US-KM1,06/28/2013,1,corn,NA,NA
US-KM1,07/08/2013,1.73,corn,NA,NA
US-KM1,07/20/2013,2.28,corn,NA,NA
US-KM1,08/05/2013,2.47,corn,NA,NA
US-KM1,08/20/2013,2.6,corn,NA,NA
US-KM1,09/02/2013,2.74,corn,NA,NA
US-KM3,04/29/2013,0.05,switchgrass,NA,NA
US-KM3,05/03/2013,0.05,switchgrass,NA,NA
US-KM3,05/06/2013,0.1,switchgrass,NA,NA
US-KM3,05/16/2013,0.24,switchgrass,NA,NA
US-KM3,05/25/2013,0.4,switchgrass,NA,NA
US-KM3,06/05/2013,0.55,switchgrass,NA,NA
US-KM3,06/13/2013,0.7,switchgrass,NA,NA
US-KM3,06/20/2013,0.8,switchgrass,NA,NA
US-KM3,06/24/2013,0.900261097,switchgrass,NA,NA
US-KM3,06/26/2013,0.950391645,switchgrass,NA,NA
US-KM3,06/28/2013,1,switchgrass,NA,NA
US-KM3,07/08/2013,1.3,switchgrass,NA,NA
US-KM3,07/20/2013,1.411428571,switchgrass,NA,NA
US-KM3,08/05/2013,1.56,switchgrass,NA,NA
US-KM3,08/20/2013,1.7,switchgrass,NA,NA
US-KM3,09/02/2013,1.72,switchgrass,NA,NA
US-KM2,04/29/2013,0.05,prairie,NA,NA
US-KM2,05/03/2013,0.05,prairie,NA,NA
US-KM2,05/06/2013,0.1,prairie,NA,NA
US-KM2,05/16/2013,0.178947368,prairie,NA,NA
US-KM2,05/25/2013,0.25,prairie,NA,NA
US-KM2,06/05/2013,0.37,prairie,NA,NA
US-KM2,06/13/2013,0.5,prairie,NA,NA
US-KM2,06/20/2013,0.55,prairie,NA,NA
US-KM2,06/24/2013,0.6,prairie,NA,NA
US-KM2,06/26/2013,0.62513089,prairie,NA,NA
US-KM2,06/28/2013,0.65,prairie,NA,NA
US-KM2,07/08/2013,0.82,prairie,NA,NA
US-KM2,07/20/2013,1.06,prairie,NA,NA
US-KM2,08/05/2013,1.23,prairie,NA,NA
US-KM2,08/20/2013,1.4,prairie,NA,NA
US-KM2,09/02/2013,1.75,prairie,NA,NA
US-KM4,04/29/2013,0.1,prairie,NA,NA
US-KM4,05/03/2013,0.2,prairie,NA,NA
US-KM4,05/06/2013,0.25,prairie,NA,NA
US-KM4,05/16/2013,0.45,prairie,NA,NA
US-KM4,05/25/2013,0.7,prairie,NA,NA
US-KM4,06/05/2013,0.75,prairie,NA,NA
US-KM4,06/13/2013,1,prairie,NA,NA
US-KM4,06/20/2013,1,prairie,NA,NA
US-KM4,06/24/2013,1,prairie,NA,NA
US-KM4,06/26/2013,1,prairie,NA,NA
US-KM4,06/28/2013,1,prairie,NA,NA
US-KM4,07/08/2013,0.85,prairie,NA,NA
US-KM4,07/20/2013,0.65,prairie,NA,NA
US-KM4,08/05/2013,0.63,prairie,NA,NA
US-KM4,08/20/2013,0.63,prairie,NA,NA
US-KM4,09/02/2013,0.63,prairie,NA,NA
US-CRT,06/11/2011,0,soybean,NA,NA
US-CRT,06/17/2011,0.075,soybean,NA,NA
US-CRT,07/05/2011,0.15,soybean,NA,NA
US-CRT,07/26/2011,0.45,soybean,NA,NA
US-CRT,08/10/2011,0.675,soybean,NA,NA
US-CRT,08/19/2011,0.975,soybean,NA,NA
US-CRT,10/07/2011,1.125,soybean,NA,NA
US-CRT,10/24/2011,0,soybean,NA,NA
US-CRT,05/20/2012,0,soybean,NA,NA
US-CRT,06/12/2012,0.225,soybean,NA,NA
US-CRT,06/27/2012,0.375,soybean,NA,NA
US-CRT,07/20/2012,0.525,soybean,NA,NA
US-CRT,08/20/2012,0.975,soybean,NA,NA
US-CRT,09/12/2012,1.125,soybean,NA,NA
US-CRT,09/28/2012,1.125,soybean,NA,NA
US-CRT,10/01/2012,0,soybean,NA,NA
US-CRT,10/02/2012,0,wheat,NA,NA
US-CRT,10/22/2012,0.06,wheat,NA,NA
US-CRT,11/21/2012,0.12,wheat,NA,NA
US-CRT,12/14/2012,0.18,wheat,NA,NA
US-CRT,01/04/2013,0.18,wheat,NA,NA
US-CRT,01/24/2013,0.18,wheat,NA,NA
US-CRT,02/12/2013,0.18,wheat,NA,NA
US-CRT,03/19/2013,0.18,wheat,NA,NA
US-CRT,04/22/2013,0.3,wheat,NA,NA
US-CRT,05/15/2013,0.52,wheat,NA,NA
US-CRT,06/05/2013,0.72,wheat,NA,NA
US-CRT,06/20/2013,1,wheat,NA,NA
US-CRT,07/03/2013,1.14,wheat,NA,NA
US-CRT,07/16/2013,0.35,wheat,NA,NA
US-CRT,07/25/2013,0.35,wheat,NA,NA
US-CRT,08/16/2013,0.3,wheat,NA,NA
CA-ER1,01/01/2012,0.2,hay,NA,NA
CA-ER1,04/17/2012,0.17,hay,NA,NA
CA-ER1,05/14/2012,0.41,hay,NA,NA
CA-ER1,05/22/2012,0.59,hay,NA,NA
CA-ER1,05/24/2012,0.6,hay,NA,NA
CA-ER1,05/28/2012,0.75,hay,NA,NA
CA-ER1,05/29/2012,0.15,hay,NA,NA
CA-ER1,06/13/2012,0.255,hay,NA,NA
CA-ER1,06/18/2012,0.285,hay,NA,NA
CA-ER1,06/29/2012,0.325,hay,NA,NA
CA-ER1,07/03/2012,0.35,hay,NA,NA
CA-ER1,07/09/2012,0.36,hay,NA,NA
CA-ER1,07/11/2012,0.38,hay,NA,NA
CA-ER1,07/18/2012,0.3,hay,NA,NA
CA-ER1,09/06/2012,0.335,hay,NA,NA
CA-ER1,12/13/2012,0.179,hay,NA,NA
CA-ER1,12/31/2012,0.179,hay,NA,NA
CA-ER1,01/01/2013,0.179,hay,NA,NA
CA-ER1,04/26/2013,0.136,hay,NA,NA
CA-ER1,04/29/2013,0.185,hay,NA,NA
CA-ER1,05/01/2013,0.1925,hay,NA,NA
CA-ER1,05/03/2013,0.215,hay,NA,NA
CA-ER1,05/13/2013,0.35,hay,NA,NA
CA-ER1,05/17/2013,0.41,hay,NA,NA
CA-ER1,05/21/2013,0.55,hay,NA,NA
CA-ER1,05/22/2013,0.5725,hay,NA,NA
CA-ER1,05/27/2013,0.675,hay,NA,NA
CA-ER1,05/29/2013,0.74,hay,NA,NA
CA-ER1,05/31/2013,0.87,hay,NA,NA
CA-ER1,06/03/2013,0.941,hay,NA,NA
CA-ER1,06/05/2013,1.03,hay,NA,NA
CA-ER1,06/07/2013,1.05,hay,NA,NA
CA-ER1,06/10/2013,1.12,hay,NA,NA
CA-ER1,06/12/2013,1.2755,hay,NA,NA
CA-ER1,06/17/2013,1.3595,hay,NA,NA
CA-ER1,06/21/2013,0.1,hay,NA,NA
CA-ER1,06/26/2013,0.21,hay,NA,NA
CA-ER1,07/02/2013,0.31,hay,NA,NA
CA-ER1,07/03/2013,0.32,hay,NA,NA
CA-ER1,07/05/2013,0.3375,hay,NA,NA
CA-ER1,07/08/2013,0.385,hay,NA,NA
CA-ER1,07/10/2013,0.334,hay,NA,NA
CA-ER1,07/12/2013,0.421,hay,NA,NA
CA-ER1,07/15/2013,0.4525,hay,NA,NA
CA-ER1,07/17/2013,0.468,hay,NA,NA
CA-ER1,07/19/2013,0.38,hay,NA,NA
CA-ER1,07/22/2013,0.495,hay,NA,NA
CA-ER1,07/24/2013,0.435,hay,NA,NA
CA-ER1,07/26/2013,0.4775,hay,NA,NA
CA-ER1,07/29/2013,0.365,hay,NA,NA
CA-ER1,07/31/2013,0.4625,hay,NA,NA
CA-ER1,08/02/2013,0.4525,hay,NA,NA
CA-ER1,08/06/2013,0.4815,hay,NA,NA
CA-ER1,08/09/2013,0.485,hay,NA,NA
CA-ER1,08/12/2013,0.48,hay,NA,NA
CA-ER1,08/14/2013,0.478,hay,NA,NA
CA-ER1,08/16/2013,0.481,hay,NA,NA
CA-ER1,08/19/2013,0.4885,hay,NA,NA
CA-ER1,08/21/2013,0.431875,hay,NA,NA
CA-ER1,08/23/2013,0.4765,hay,NA,NA
CA-ER1,08/26/2013,0.445,hay,NA,NA
CA-ER1,08/28/2013,0.4155,hay,NA,NA
CA-ER1,08/30/2013,0.468,hay,NA,NA
CA-ER1,09/03/2013,0.3675,hay,NA,NA
CA-ER1,09/05/2013,0.2,hay,NA,NA
CA-ER1,09/23/2013,0.22,hay,NA,NA
CA-ER1,09/29/2013,0.22,hay,NA,NA
CA-ER1,09/30/2013,0.22,hay,NA,NA
CA-ER1,10/07/2013,0.17,hay,NA,NA
CA-ER1,10/15/2013,0.072,hay,NA,NA
CA-ER1,10/16/2013,0,hay,NA,NA
CA-ER1,10/18/2013,0,hay,NA,NA
CA-ER1,12/31/2013,0,hay,NA,NA
CA-ER1,01/01/2014,0,hay,NA,NA
CA-ER1,06/04/2014,0.005,hay,NA,NA
CA-ER1,06/09/2014,0.005,hay,NA,NA
CA-ER1,06/16/2014,0.012,hay,NA,NA
CA-ER1,07/04/2014,0.0915,hay,NA,NA
CA-ER1,07/07/2014,0.1485,hay,NA,NA
CA-ER1,07/09/2014,0.156,hay,NA,NA
CA-ER1,07/11/2014,0.1975,hay,NA,NA
CA-ER1,07/14/2014,0.2625,hay,NA,NA
CA-ER1,07/16/2014,0.28,hay,NA,NA
CA-ER1,07/18/2014,0.312,hay,NA,NA
CA-ER1,07/21/2014,0.377,hay,NA,NA
CA-ER1,07/23/2014,0.32175,hay,NA,NA
CA-ER1,08/01/2014,0.215,hay,NA,NA
CA-ER1,08/05/2014,0.2405,hay,NA,NA
CA-ER1,08/08/2014,0.3015,hay,NA,NA
CA-ER1,08/11/2014,0.3535,hay,NA,NA
CA-ER1,08/13/2014,0.395,hay,NA,NA
CA-ER1,08/15/2014,0.382,hay,NA,NA
CA-ER1,08/18/2014,0.1,hay,NA,NA
CA-ER1,08/19/2014,0.1,hay,NA,NA
CA-ER1,08/25/2014,0.1175,hay,NA,NA
CA-ER1,08/29/2014,0.156,hay,NA,NA
CA-ER1,09/02/2014,0.227,hay,NA,NA
CA-ER1,09/08/2014,0.2585,hay,NA,NA
CA-ER1,09/10/2014,0.2905,hay,NA,NA
CA-ER1,09/12/2014,0.3185,hay,NA,NA
CA-ER1,09/15/2014,0.293,hay,NA,NA
CA-ER1,09/17/2014,0.2795,hay,NA,NA
CA-ER1,09/19/2014,0.282,hay,NA,NA
CA-ER1,09/22/2014,0.3015,hay,NA,NA
CA-ER1,09/24/2014,0.297,hay,NA,NA
CA-ER1,09/26/2014,0.3005,hay,NA,NA
CA-ER1,09/29/2014,0.3175,hay,NA,NA
CA-ER1,09/30/2014,0.33,hay,NA,NA
CA-ER1,10/06/2014,0.336,hay,NA,NA
CA-ER1,10/10/2014,0.351,hay,NA,NA
CA-ER1,10/14/2014,0.34,hay,NA,NA
CA-ER1,10/17/2014,0.364,hay,NA,NA
CA-ER1,10/24/2014,0.345,hay,NA,NA
CA-ER1,10/27/2014,0.357,hay,NA,NA
CA-ER1,10/30/2014,0.363,hay,NA,NA
CA-ER1,12/15/2014,0.3475,hay,NA,NA
CA-ER1,12/31/2014,0.3475,hay,NA,NA
CA-ER2,01/01/2012,0,corn,NA,NA
CA-ER2,05/10/2012,0,corn,NA,NA
CA-ER2,05/22/2012,0.063,corn,NA,NA
CA-ER2,05/28/2012,0.185,corn,NA,NA
CA-ER2,06/05/2012,0.29,corn,NA,NA
CA-ER2,06/13/2012,0.455,corn,NA,NA
CA-ER2,06/18/2012,0.61,corn,NA,NA
CA-ER2,06/29/2012,1.1,corn,NA,NA
CA-ER2,07/03/2012,1.35,corn,NA,NA
CA-ER2,07/06/2012,1.56,corn,NA,NA
CA-ER2,07/09/2012,1.76,corn,NA,NA
CA-ER2,07/11/2012,1.95,corn,NA,NA
CA-ER2,07/18/2012,2.22,corn,NA,NA
CA-ER2,09/06/2012,2.22,corn,NA,NA
CA-ER2,10/01/2012,2.29,corn,NA,NA
CA-ER2,10/02/2012,0,corn,NA,NA
CA-ER2,12/31/2012,0,corn,NA,NA
CA-ER2,01/01/2013,0,corn,NA,NA
CA-ER2,05/29/2013,0.07,corn,NA,NA
CA-ER2,06/03/2013,0.09,corn,NA,NA
CA-ER2,06/05/2013,0.09,corn,NA,NA
CA-ER2,06/07/2013,0.089,corn,NA,NA
CA-ER2,06/10/2013,0.13,corn,NA,NA
CA-ER2,06/12/2013,0.136,corn,NA,NA
CA-ER2,06/17/2013,0.207,corn,NA,NA
CA-ER2,06/21/2013,0.32,corn,NA,NA
CA-ER2,06/26/2013,0.54,corn,NA,NA
CA-ER2,07/02/2013,0.72,corn,NA,NA
CA-ER2,07/03/2013,0.78,corn,NA,NA
CA-ER2,07/05/2013,0.875,corn,NA,NA
CA-ER2,07/08/2013,1.1125,corn,NA,NA
CA-ER2,07/12/2013,1.3975,corn,NA,NA
CA-ER2,07/15/2013,1.7,corn,NA,NA
CA-ER2,07/17/2013,1.855,corn,NA,NA
CA-ER2,07/19/2013,1.995,corn,NA,NA
CA-ER2,07/22/2013,2.185,corn,NA,NA
CA-ER2,07/24/2013,2.336,corn,NA,NA
CA-ER2,07/26/2013,2.415,corn,NA,NA
CA-ER2,07/29/2013,2.485,corn,NA,NA
CA-ER2,07/31/2013,2.53,corn,NA,NA
CA-ER2,08/02/2013,2.6,corn,NA,NA
CA-ER2,08/06/2013,2.615,corn,NA,NA
CA-ER2,08/09/2013,2.62,corn,NA,NA
CA-ER2,08/19/2013,2.633,corn,NA,NA
CA-ER2,08/23/2013,2.624,corn,NA,NA
CA-ER2,08/26/2013,2.61,corn,NA,NA
CA-ER2,08/28/2013,2.6155,corn,NA,NA
CA-ER2,09/03/2013,2.676,corn,NA,NA
CA-ER2,09/23/2013,2.6,corn,NA,NA
CA-ER2,10/02/2013,2.625,corn,NA,NA
CA-ER2,10/15/2013,2.35,corn,NA,NA
CA-ER2,10/18/2013,2.1,corn,NA,NA
CA-ER2,10/23/2013,0.3,corn,NA,NA
CA-ER2,12/31/2013,0,corn,NA,NA
CA-ER2,01/01/2014,0,corn,NA,NA
CA-ER2,06/04/2014,0.005,corn,NA,NA
CA-ER2,06/09/2014,0.05,corn,NA,NA
CA-ER2,06/16/2014,0.125,corn,NA,NA
CA-ER2,06/18/2014,0.185,corn,NA,NA
CA-ER2,06/25/2014,0.353,corn,NA,NA
CA-ER2,06/27/2014,0.375,corn,NA,NA
CA-ER2,06/30/2014,0.4845,corn,NA,NA
CA-ER2,07/04/2014,0.7605,corn,NA,NA
CA-ER2,07/07/2014,0.8855,corn,NA,NA
CA-ER2,07/09/2014,0.967,corn,NA,NA
CA-ER2,07/11/2014,1.0825,corn,NA,NA
CA-ER2,07/14/2014,1.268,corn,NA,NA
CA-ER2,07/18/2014,1.4935,corn,NA,NA
CA-ER2,07/21/2014,1.754,corn,NA,NA
CA-ER2,07/23/2014,1.8565,corn,NA,NA
CA-ER2,07/25/2014,1.8475,corn,NA,NA
CA-ER2,07/28/2014,2.222,corn,NA,NA
CA-ER2,08/01/2014,2.3345,corn,NA,NA
CA-ER2,08/05/2014,2.6215,corn,NA,NA
CA-ER2,08/08/2014,2.88,corn,NA,NA
CA-ER2,08/11/2014,2.94,corn,NA,NA
CA-ER2,08/15/2014,3.0095,corn,NA,NA
CA-ER2,08/25/2014,3.013,corn,NA,NA
CA-ER2,08/29/2014,3.001,corn,NA,NA
CA-ER2,09/12/2014,3.0235,corn,NA,NA
CA-ER2,09/15/2014,2.995,corn,NA,NA
CA-ER2,10/14/2014,2.925,corn,NA,NA
CA-ER2,11/03/2014,2.925,corn,NA,NA
CA-ER2,11/04/2014,0,corn,NA,NA
CA-ER2,11/12/2014,0,corn,NA,NA
CA-ER2,12/31/2014,0,corn,NA,NA
US-Twt,07/12/2012,0.338,rice,NA,NA
US-Twt,07/19/2012,0.48,rice,NA,NA
US-Twt,07/26/2012,0.44,rice,NA,NA
US-Twt,08/02/2012,0.618,rice,NA,NA
US-Twt,08/09/2012,0.56,rice,NA,NA
US-Twt,08/16/2012,0.72,rice,NA,NA
US-Twt,08/23/2012,0.78,rice,NA,NA
US-Twt,08/30/2012,0.7725,rice,NA,NA
US-Twt,09/13/2012,0.7867,rice,NA,NA
US-Twt,09/20/2012,0.894,rice,NA,NA
US-Twt,09/27/2012,0.832,rice,NA,NA
US-Twt,10/05/2012,0.934,rice,NA,NA
US-Twt,10/11/2012,0.8,rice,NA,NA
US-Twt,10/18/2012,0.894,rice,NA,NA
US-Twt,10/25/2012,0.84,rice,NA,NA
US-Twt,05/24/2013,0.154,rice,NA,NA
US-Twt,05/31/2013,0.236,rice,NA,NA
US-Twt,06/05/2013,0.322,rice,NA,NA
US-Twt,06/13/2013,0.368,rice,NA,NA
US-Twt,06/20/2013,0.302,rice,NA,NA
US-Twt,06/27/2013,0.441,rice,NA,NA
US-Twt,07/10/2013,0.6,rice,NA,NA
US-Twt,07/16/2013,0.666,rice,NA,NA
US-Twt,07/26/2013,0.774,rice,NA,NA
US-Twt,07/31/2013,0.775,rice,NA,NA
US-Twt,08/05/2013,0.82,rice,NA,NA
US-Twt,08/15/2013,0.74,rice,NA,NA
US-Twt,08/29/2013,0.69,rice,NA,NA
US-Twt,09/11/2013,0.644,rice,NA,NA
US-Twt,09/20/2013,0.892,rice,NA,NA
US-Twt,05/21/2014,0.115,rice,0.035168766,20
US-Twt,05/29/2104,0.122,rice,0.036070107,20
US-Twt,06/12/2014,0.18542,rice,0.024859513,20
US-Twt,06/17/2014,0.2435,rice,0.02433862,20
US-Twt,06/26/2014,0.4,rice,0.053802759,20
US-Twt,07/02/2014,0.455,rice,0.04190325,18
US-Twt,07/15/2014,0.647,rice,0.10746358,20
US-Twt,07/23/2014,0.6735,rice,0.073361039,20
US-Twt,07/31/2014,0.741,rice,0.094473611,20
US-Twt,08/06/2014,0.7035,rice,0.082415826,20
US-Twt,08/13/2014,0.784,rice,0.060384731,20
US-Twt,08/19/2014,0.76,rice,0.034335803,20
US-Twt,08/17/2014,0.676,rice,0.029091507,20
US-Twt,09/04/2014,0.6935,rice,0.035433407,20
US-Twt,09/08/2014,0.645,rice,0.048395302,20
US-Twt,09/18/2014,0.668,rice,0.030539017,20
US-Twt,09/25/2014,0.625,rice,0.028191077,20
US-Twt,05/21/2015,0.1095,rice,0.024596748,20
US-Twt,07/09/2015,0.6235,rice,0.132636226,20
US-Twt,07/22/2015,0.5795,rice,0.038453663,20
US-Twt,08/06/2015,0.85217,rice,0.189266109,20
US-Twt,08/19/2015,0.8345,rice,0.163529331,20
US-Twt,09/02/2015,0.8445,rice,0.305501744,20
US-Twt,05/24/2016,0.107,rice,0.019493589,20
US-Twt,06/06/2016,0.1615,rice,0.027582412,20
US-Twt,06/24/2016,0.2,rice,0.034488747,20
US-Twt,07/06/2016,0.582,rice,0.036792448,20
US-Twt,07/20/2016,0.7215,rice,0.052442951,20
US-Twt,08/01/2016,0.747,rice,0.056110793,20
US-Twt,08/12/2016,0.8495,rice,0.223853218,20
US-Var,10/22/2000,0.05375,grass,0.025,NA
US-Var,11/04/2000,0.0415,grass,0.0205,NA
US-Var,01/03/2001,0.038125,grass,0.018697148,NA
US-Var,02/07/2001,0.03,grass,0.016475089,NA
US-Var,02/08/2002,0.0266,grass,0.00882,12
US-Var,02/28/2002,0.061,grass,0.017,16
US-Var,03/20/2002,0.067,grass,0.016,17
US-Var,04/04/2002,0.1095,grass,0.0422,19
US-Var,04/11/2002,0.232,grass,0.084,20
US-Var,04/18/2002,0.299,grass,0.089,30
US-Var,04/26/2002,0.407,grass,0.1086,30
US-Var,05/02/2002,0.55,grass,0.121,25
US-Var,05/09/2002,0.502,grass,0.142,30
US-Var,05/16/2002,0.506,grass,0.101,30
US-Var,05/30/2002,0.503,grass,0.138,30
US-Var,06/14/2002,0.45,grass,NA,NA
US-Var,06/29/2002,0.325,grass,NA,NA
US-Var,07/14/2002,0.245,grass,NA,NA
US-Var,07/29/2002,0.184,grass,NA,NA
US-Var,08/13/2002,0.131,grass,NA,NA
US-Var,08/28/2002,0.107,grass,NA,NA
US-Var,09/12/2002,0.077,grass,NA,NA
US-Var,09/27/2002,0.064,grass,NA,NA
US-Var,10/12/2002,0.06,grass,NA,NA
US-Var,10/27/2002,0.05,grass,NA,NA
US-Var,11/11/2002,0.05,grass,NA,NA
US-Var,11/26/2002,0.05,grass,NA,NA
US-Var,12/11/2002,0.05,grass,NA,NA
US-Var,12/26/2002,0.05,grass,NA,NA
US-Var,04/19/2012,0.165384615,grass,0.073213772,15
US-Var,05/04/2012,0.440769231,grass,0.154189361,13
US-Var,05/18/2012,0.5865625,grass,0.235681707,64
US-Var,04/10/2013,0.16,grass,0.081547532,5
US-Var,04/08/2014,0.2042,grass,0.0602,12
US-Var,11/26/2014,0.04,grass,0.01,6
US-Var,04/21/2015,0.4767,grass,0.1855,9
US-Var,05/06/2015,0.4727,grass,0.1332,22
US-Var,05/20/2015,0.5367,grass,0.213,15
US-Var,03/23/2016,0.1177,grass,0.0621,22
US-Var,04/20/2016,0.65,grass,0.0341,5
US-Var,05/10/2016,0.6807,grass,0.2013,15
US-Var,05/26/2016,0.7053,grass,0.2396,15
US-Var,06/16/2016,0.6552,grass,0.1873,23
US-Var,11/02/2016,0.096,grass,0.0242,5
US-Var,04/05/2017,0.2853,grass,0.111,15
US-Var,04/24/2017,0.568,grass,0.1224,15
US-Var,05/11/2017,0.6427,grass,0.2159,15
US-Shd,03/05/1997,0.33,grass,NA,NA
US-Shd,03/19/1997,0.33,grass,NA,NA
US-Shd,03/31/1997,0.05,grass,NA,NA
US-Shd,04/15/1997,0.07,grass,NA,NA
US-Shd,04/29/1997,0.1,grass,NA,NA
US-Shd,05/12/1997,0.19,grass,NA,NA
US-Shd,05/27/1997,0.22,grass,NA,NA
US-Shd,06/09/1997,0.31,grass,NA,NA
US-Shd,06/23/1997,0.32,grass,NA,NA
US-Shd,07/07/1997,0.36,grass,NA,NA
US-Shd,07/21/1997,0.39,grass,NA,NA
US-Shd,08/17/1997,0.54,grass,NA,NA
US-Shd,08/31/1997,0.53,grass,NA,NA
US-Shd,09/13/1997,0.64,grass,NA,NA
US-Shd,09/26/1997,0.59,grass,NA,NA
US-Shd,10/10/1997,0.57,grass,NA,NA
US-Shd,10/24/1997,0.51,grass,NA,NA
US-Shd,11/07/1997,0.49,grass,NA,NA
US-Shd,11/21/1997,0.66,grass,NA,NA
US-Shd,12/08/1997,0.61,grass,NA,NA
US-Shd,01/08/1998,0.56,grass,NA,NA
US-Shd,02/02/1998,0.58,grass,NA,NA
US-Shd,02/19/1998,0.59,grass,NA,NA
US-Shd,03/02/1998,0.69,grass,NA,NA
US-Shd,03/18/1998,0.62,grass,NA,NA
US-Shd,03/31/1998,0.6,grass,NA,NA
US-Shd,04/14/1998,0.09,grass,NA,NA
US-Shd,04/29/1998,0.12,grass,NA,NA
US-Shd,05/12/1998,0.19,grass,NA,NA
US-Shd,05/27/1998,0.3,grass,NA,NA
US-Shd,06/09/1998,0.31,grass,NA,NA
US-Shd,06/24/1998,0.34,grass,NA,NA
US-Shd,07/08/1998,0.33,grass,NA,NA
US-Shd,07/23/1998,0.41,grass,NA,NA
US-Shd,08/21/1998,0.43,grass,NA,NA
US-Shd,09/18/1998,0.35,grass,NA,NA
US-Shd,10/02/1998,0.34,grass,NA,NA
US-Shd,10/16/1998,0.43,grass,NA,NA
US-Shd,10/30/1998,0.33,grass,NA,NA
US-Shd,11/13/1998,0.34,grass,NA,NA
US-Shd,11/25/1998,0.37,grass,NA,NA
US-Shd,03/11/1999,0.33,grass,NA,NA
US-Shd,03/22/1999,0.3533,grass,NA,NA
US-Shd,03/30/1999,0.2433,grass,NA,NA
US-Shd,04/06/1999,0,grass,NA,NA
US-Shd,04/21/1999,0.07,grass,NA,NA
US-Shd,05/06/1999,0.1567,grass,NA,NA
US-Shd,05/19/1999,0.2367,grass,NA,NA
US-Shd,06/03/1999,0.3633,grass,NA,NA
US-Shd,06/16/1999,0.3833,grass,NA,NA
US-Shd,07/02/1999,0.5167,grass,NA,NA
US-Shd,07/14/1999,0.5067,grass,NA,NA
US-Shd,07/28/1999,0.5933,grass,NA,NA
US-Shd,08/11/1999,0.5,grass,NA,NA
US-Shd,08/27/1999,0.5367,grass,NA,NA
US-Shd,09/10/1999,0.56,grass,NA,NA
US-Shd,09/23/1999,0.52,grass,NA,NA
US-Shd,10/07/1999,0.47,grass,NA,NA
US-Shd,10/07/1999,0.47,grass,NA,NA
US-Shd,10/22/1999,0.5233,grass,NA,NA
US-Shd,11/05/1999,0.51,grass,NA,NA
US-Shd,11/19/1999,0.5333,grass,NA,NA
US-Shd,01/21/2000,0.4433,grass,NA,NA
US-Shd,02/16/2000,0.3167,grass,NA,NA
US-Shd,03/23/2000,0.3267,grass,NA,NA
US-Shd,03/28/2000,0.07,grass,NA,NA
US-Shd,04/13/2000,0.0717,grass,NA,NA
US-Shd,04/27/2000,0.1167,grass,NA,NA
US-Shd,05/06/2000,0.19,grass,NA,NA
US-Shd,05/25/2000,0.2833,grass,NA,NA
US-Shd,06/08/2000,0.4067,grass,NA,NA
US-Shd,06/22/2000,0.38,grass,NA,NA
US-Shd,07/06/2000,0.5467,grass,NA,NA
US-Shd,07/20/2000,0.3667,grass,NA,NA
US-Shd,07/31/2000,0.3967,grass,NA,NA
US-Shd,08/17/2000,0.383,grass,NA,NA
US-Shd,08/31/2000,0.3933,grass,NA,NA
US-Shd,09/14/2000,0.3667,grass,NA,NA
US-Shd,09/28/2000,0.38,grass,NA,NA
US-Shd,10/12/2000,0.4867,grass,NA,NA
US-Shd,10/27/2000,0.4033,grass,NA,NA
US-Shd,11/09/2000,0.42,grass,NA,NA
US-Shd,11/28/2000,0.417,grass,NA,NA
US-Shd,03/26/2001,0.29,grass,NA,NA
